Timestamp,Points,SM,Red,Nir,Lst,NDVI,TVDI 1,TVDI 2,TVDI 3
9/16/2022 12:40,1,0.115,100.861,118.118,21.5842,0.0788075,0.172673,0.200647,0.179355
9/16/2022 12:40,2,0.089,123.928,147.614,21.8473,0.0872295,0.292207,0.323471,0.28971
9/16/2022 12:41,3,0.091,143.533,173.013,22.5315,0.0931284,0.623704,0.643047,0.576719
9/16/2022 12:41,4,0.054,129.508,160.187,22.4057,0.105901,0.55251,0.58249,0.52395
9/16/2022 12:42,5,0.052,133.125,171.756,22.2185,0.126708,0.441288,0.492801,0.445401
9/16/2022 12:42,6,0.092,145.453,177.964,21.5658,0.100523,0.138998,0.191039,0.171626
9/16/2022 12:43,7,0.12,129.618,154.956,21.5192,0.089037,0.129338,0.169728,0.152077
9/16/2022 12:43,8,0.112,98.5255,112.9,21.2064,0.0679869,0.00302741,0.023408,0.0208715
9/16/2022 12:44,9,0.15,101.774,112.564,21.2406,0.0503412,0.041095,0.0396519,0.0352101
9/16/2022 12:46,10,0.14,102.554,127.683,21.3635,0.10914,0.0274115,0.0964016,0.0867781
9/16/2022 12:46,11,0.112,114.62,153.493,21.7419,0.144989,0.176463,0.270465,0.245476
9/16/2022 12:47,12,0.05,100.601,153.504,21.8193,0.208191,0.139567,0.301868,0.277934
9/16/2022 12:47,13,0.039,97.8385,156.529,22.3825,0.23073,0.434218,0.555679,0.514218
9/16/2022 12:48,14,0.085,120.509,152.384,22.3386,0.116804,0.510503,0.549776,0.495767
9/16/2022 12:48,15,0.124,107.678,131.716,22.3598,0.10041,0.533639,0.561763,0.504666
9/16/2022 12:48,16,0.143,95.6815,101.06,22.5395,0.0273389,0.666868,0.656745,0.580044
9/19/2022 11:29,1,0.088,95.1923,121.808,21.0169,0.122654,0.229231,0.465897,0.36908
9/19/2022 11:29,2,0.102,115.285,147.854,21.4976,0.123772,0.511805,0.658088,0.522597
9/19/2022 11:30,3,0.045,148.278,190.318,22.2299,0.124161,0.931516,0.95186,0.756522
9/19/2022 11:30,4,0.064,131.761,172.273,22.4997,0.133248,1.05228,1.03983,0.842674
9/19/2022 11:31,5,0.023,134.215,175.109,22.2575,0.132203,0.929109,0.946467,0.765317
9/19/2022 11:31,6,0.073,145.17,185.479,21.8125,0.121907,0.691758,0.787938,0.623187
9/19/2022 11:32,7,0.1,116.239,151.462,21.6793,0.131578,0.625973,0.719053,0.580656
9/19/2022 11:32,8,0.072,122.831,154.712,20.7456,0.114867,0.0045914,0.362642,0.28243
9/19/2022 11:33,9,0.159,100.261,123.768,20.7886,0.104931,-0.0715233,0.388772,0.296142
9/19/2022 11:34,10,0.14,102.015,128.343,21.0405,0.114291,0.189422,0.484205,0.376625
9/19/2022 11:35,11,0.135,113.741,149.439,21.495,0.135641,0.53741,0.640609,0.521783
9/19/2022 11:35,12,0.043,91.7347,120.976,21.643,0.137472,0.614345,0.695958,0.569055
9/19/2022 11:36,13,0.071,71.119,102.762,21.2743,0.181982,0.524856,0.504731,0.451305
9/19/2022 11:36,14,0.108,102.526,137.179,21.7036,0.144566,0.650297,0.70905,0.588404
9/19/2022 11:37,15,0.15,93.0836,117.8,21.6143,0.117206,0.566047,0.715197,0.559878
9/19/2022 11:37,16,0.16,77.7382,97.071,21.7815,0.110594,0.664214,0.79496,0.613286
9/19/2022 12:33,1,0.088,104.725,136.11,20.3653,0.130319,0.216392,0.289899,0.22594
9/19/2022 12:34,2,0.11,125.721,166.191,20.4999,0.138639,0.30649,0.374557,0.267337
9/19/2022 12:34,3,0.039,144.335,189.453,21.9292,0.135169,0.948535,0.953488,0.706641
9/19/2022 12:35,4,0.067,127.288,171.865,22.3937,0.149011,1.38445,1.34415,0.849387
9/19/2022 12:35,5,0.048,130.361,174.036,21.6145,0.143479,0.891881,0.902808,0.609898
9/19/2022 12:37,6,0.045,139.811,183.901,21.524,0.136202,0.772099,0.794159,0.58209
9/19/2022 12:37,7,0.067,127.838,167.806,20.6828,0.135189,0.376647,0.436647,0.323535
9/19/2022 12:38,8,0.083,125.389,163.448,20.2239,0.131765,0.158052,0.237622,0.182485
9/19/2022 12:38,9,0.153,101.26,135.744,20.1211,0.145496,0.140805,0.228767,0.150904
9/19/2022 12:39,10,0.158,105.292,142.538,20.0925,0.150289,0.137281,0.22853,0.142108
9/19/2022 12:39,11,0.122,128.037,171.413,20.2958,0.144853,0.22922,0.307802,0.204601
9/19/2022 12:40,12,0.051,105.665,145.828,20.0321,0.159696,0.126134,0.225573,0.123527
9/19/2022 12:40,13,0.066,77.2665,110.554,19.9815,0.177228,0.147448,0.263825,0.107985
9/19/2022 12:41,14,0.056,113.945,152.648,20.1714,0.145176,0.165997,0.251203,0.166339
9/19/2022 12:41,15,0.149,95.7308,128.506,20.0152,0.146165,0.0869523,0.180839,0.118334
9/19/2022 12:42,16,0.161,76.9132,101.082,20.1659,0.135786,0.140669,0.223656,0.164666
9/19/2022 14:00,1,0.074,119.543,156.854,21.0856,0.134992,0.285049,0.416581,0.297075
9/19/2022 14:00,2,0.106,133.549,174.468,21.0494,0.132847,0.300106,0.410944,0.287978
9/19/2022 14:01,3,0.067,145.998,188.928,22.8469,0.128179,1.10753,1.09684,0.739147
9/19/2022 14:01,4,0.068,128.062,169.866,23.2465,0.140318,1.17007,1.12859,0.839444
9/19/2022 14:02,5,0.052,132.405,174.379,23.03,0.136818,1.10683,1.08492,0.785097
9/19/2022 14:02,6,0.0501,146.298,188.78,22.2508,0.12678,0.875314,0.885388,0.589518
9/19/2022 14:03,7,0.095,136.414,176.192,21.4145,0.127245,0.526642,0.567838,0.379605
9/19/2022 14:03,8,0.101,130.142,169.592,21.0701,0.131617,0.326083,0.422637,0.293179
9/19/2022 14:05,9,0.148,110.123,140.839,20.7996,0.122393,0.338854,0.351703,0.225289
9/19/2022 14:05,10,0.143,117.067,151.516,20.7079,0.12826,0.221734,0.299919,0.202252
9/19/2022 14:06,11,0.113,136.418,180.085,20.9694,0.137965,0.190316,0.366849,0.26789
9/19/2022 14:06,12,0.052,114.092,151.179,20.791,0.139807,0.0825146,0.301185,0.223134
9/19/2022 14:07,13,0.047,92.3727,122.366,20.5906,0.139674,-0.00443273,0.233511,0.172819
9/19/2022 14:07,14,0.052,125.385,164.258,20.8369,0.134208,0.18955,0.331144,0.234651
9/19/2022 14:07,15,0.129,104.706,135.697,20.0882,0.128911,-0.0449405,0.0689134,0.0467306
9/19/2022 14:08,16,0.135,81.6513,102.535,20.5155,0.113384,0.342502,0.261575,0.153985
9/20/2022 12:01,1,0.126,114.164,125.958,19.9395,0.0491158,0.289083,0.423059,0.348319
9/20/2022 12:02,2,0.118,121.419,141.323,19.7869,0.0757551,0.293452,0.399143,0.309364
9/20/2022 12:02,3,0.08,147.629,171.671,21.1647,0.0752971,0.825818,0.851997,0.661066
9/20/2022 12:02,4,0.063,130.71,159.436,21.6766,0.0990029,1.09025,1.08019,0.791725
9/20/2022 12:03,5,0.044,135.151,171.514,21.1837,0.118577,0.951002,0.954718,0.665906
9/20/2022 12:03,6,0.074,148.377,178.21,20.7349,0.0913476,0.701034,0.738258,0.551347
9/20/2022 12:04,7,0.118,130.428,152.937,19.5683,0.0794318,0.217416,0.329983,0.253563
9/20/2022 12:04,8,0.112,117.016,127.091,19.6028,0.0412709,0.142602,0.313264,0.262374
9/20/2022 12:05,9,0.187,98.9369,107.702,19.5749,0.0424193,0.134586,0.305522,0.255253
9/20/2022 12:06,10,0.152,109.983,131.042,19.54,0.0873724,0.225112,0.326685,0.246328
9/20/2022 12:07,11,0.13,120.505,152.444,19.4293,0.117017,0.252486,0.311398,0.218077
9/20/2022 12:07,12,0.121,98.5449,147.312,18.7552,0.198357,0.179077,0.0832251,0.0460192
9/20/2022 12:08,13,0.113,92.0386,147.67,19.0602,0.232078,0.392824,0.251838,0.123868
9/20/2022 12:08,14,0.147,111.434,142.126,19.6863,0.121046,0.364143,0.40934,0.283679
9/20/2022 12:09,15,0.181,96.9601,115.248,19.0478,0.0861807,0.0306733,0.159619,0.120701
9/20/2022 12:09,16,0.176,82.0113,91.5683,19.3971,0.0550581,0.0952408,0.258265,0.209858
9/20/2022 13:41,1,0.129,118.089,175.708,22.3458,0.196121,0.291687,0.430418,0.392348
9/20/2022 13:42,2,0.136,126.027,185.662,22.204,0.191329,0.215213,0.376239,0.357469
9/20/2022 13:42,3,0.065,145.805,210.713,23.7734,0.182062,0.647737,0.725666,0.743575
9/20/2022 13:43,4,0.074,129.873,203.044,24.1554,0.219789,1.18673,1.16149,0.837558
9/20/2022 13:44,5,0.069,132.788,205.184,23.9983,0.214207,1.05063,1.04293,0.798911
9/20/2022 13:45,6,0.055,143.583,210.052,23.2447,0.18796,0.52809,0.627804,0.613503
9/20/2022 13:45,7,0.109,134.108,195.331,22.0666,0.185842,0.140834,0.32553,0.323662
9/20/2022 13:46,8,0.12,122.029,178.242,22.2399,0.187208,0.203083,0.372521,0.366289
9/20/2022 13:46,9,0.156,95.731,153.528,22.099,0.231874,0.485277,0.531567,0.331629
9/20/2022 13:47,10,0.158,106.372,168.63,21.7239,0.226392,0.277295,0.358307,0.239342
9/20/2022 13:48,11,0.119,124.564,187.431,21.431,0.201502,0.0101268,0.192666,0.167285
9/20/2022 13:48,12,0.093,95.8155,170.682,21.1825,0.280927,0.639245,0.463144,0.10614
9/20/2022 13:49,13,0.082,86.6323,163.982,20.8229,0.308641,1.05392,2.85951,0.0176555
9/20/2022 13:49,14,0.093,114.655,176.047,21.4079,0.211186,0.0522286,0.204468,0.161598
9/20/2022 13:50,15,0.17,95.6118,156.522,21.0862,0.241579,0.113908,0.151041,0.0824353
9/20/2022 13:51,16,0.18,77.1435,131.006,21.3749,0.258769,0.42723,0.376635,0.153465
9/20/2022 15:02,1,0.097,127.229,167.713,22.2024,0.137259,0.518648,0.621457,0.46901
9/20/2022 15:02,2,0.131,132.051,174.236,22.1663,0.137731,0.506292,0.612369,0.461432
9/20/2022 15:03,3,0.071,145.413,191.242,23.8235,0.13613,1.08718,1.06883,0.809639
9/20/2022 15:03,4,0.074,126.812,172.566,24.243,0.152831,1.34221,1.254,0.897787
9/20/2022 15:04,5,0.063,130.7,177.402,23.9069,0.151581,1.20155,1.15035,0.827155
9/20/2022 15:04,6,0.06,145.472,191.526,23.4003,0.13666,0.940473,0.953092,0.720712
9/20/2022 15:05,7,0.094,137.989,179.932,22.3636,0.131927,0.568809,0.654824,0.502881
9/20/2022 15:05,8,0.126,133.095,174.503,22.0925,0.134617,0.477926,0.585753,0.445916
9/20/2022 15:07,9,0.142,99.3338,134.489,21.7447,0.150351,0.354712,0.516299,0.372824
9/20/2022 15:07,10,0.146,108.365,146.549,21.4926,0.149789,0.257355,0.442096,0.31986
9/20/2022 15:08,11,0.122,131.627,177.412,21.987,0.148153,0.447634,0.582409,0.42375
9/20/2022 15:08,12,0.086,101.621,144.346,21.8378,0.173703,0.393978,0.590976,0.392402
9/20/2022 15:09,13,0.074,92.6773,133.755,21.0427,0.181412,-0.00495386,0.349462,0.225334
9/20/2022 15:10,14,0.103,119.533,162.469,21.5943,0.152255,0.295218,0.475673,0.341234
9/20/2022 15:10,15,0.15,100.504,132.663,20.2221,0.137924,-0.184968,0.0702484,0.0528997
9/20/2022 15:11,16,0.155,78.7917,103.554,20.5537,0.135798,-0.0607881,0.16163,0.122569
9/21/2022 9:48,1,0.135,109.138,135.19,20.9901,0.106627,0.720244,0.747961,0.426858
9/21/2022 9:50,2,0.093,117.225,149.144,21.2086,0.11983,0.583777,0.679692,0.476562
9/21/2022 9:50,3,0.07,145.892,186.825,22.7551,0.123026,1.17547,1.13069,0.828476
9/21/2022 9:51,4,0.067,128.485,169.076,23.1995,0.136409,1.11314,1.07475,0.929602
9/21/2022 9:51,5,0.053,133.136,172.75,23.0564,0.129508,1.17964,1.12586,0.897034
9/21/2022 9:52,6,0.06,147.01,188.425,22.5018,0.123467,1.06175,1.04579,0.770826
9/21/2022 9:53,7,0.091,125.48,160.269,21.3428,0.121749,0.607933,0.704214,0.507108
9/21/2022 9:53,8,0.126,112.241,144.456,20.8545,0.1255,0.343913,0.522998,0.395992
9/21/2022 9:54,9,0.198,100.944,123.65,20.2456,0.1011,0.486276,0.4988,0.257429
9/21/2022 9:55,10,0.172,98.2206,124.152,20.1688,0.116613,0.194931,0.358486,0.239957
9/21/2022 9:57,11,0.098,104.991,136.124,20.9375,0.129119,0.321864,0.523243,0.41489
9/21/2022 9:57,12,0.122,95.0898,123.789,20.7724,0.13112,0.22436,0.46428,0.377312
9/21/2022 9:58,13,0.091,76.8516,101.413,20.1655,0.137782,-0.113495,0.272297,0.239214
9/21/2022 9:59,14,0.131,92.7982,119.953,20.5333,0.127636,0.178926,0.414897,0.322901
9/21/2022 9:59,15,0.159,83.3465,100.43,19.4192,0.092959,0.249206,0.159285,0.0693949
9/21/2022 10:00,16,0.177,74.426,91.9828,19.4448,0.105504,0.0539141,0.134411,0.0752175
9/21/2022 11:25,1,0.115,112.793,145.068,21.4601,0.125165,0.423765,0.521583,0.397906
9/21/2022 11:26,2,0.139,122.365,161.26,21.6201,0.137134,0.462355,0.589752,0.433589
9/21/2022 11:26,3,0.073,145.58,188.674,23.2538,0.128928,1.07137,1.05778,0.797758
9/21/2022 11:27,4,0.072,127.916,172.419,23.7199,0.148179,1.38852,1.27056,0.90167
9/21/2022 11:27,5,0.069,131.965,176.239,23.45,0.143652,1.23266,1.16851,0.841486
9/21/2022 11:27,6,0.065,147.608,191.631,22.9779,0.129772,0.973617,0.978763,0.736254
9/21/2022 11:28,7,0.131,132.061,171.71,21.8183,0.130521,0.546192,0.636595,0.477763
9/21/2022 11:28,8,0.127,116.852,151.321,21.4186,0.128533,0.40226,0.514733,0.388672
9/21/2022 11:29,9,0.156,99.4786,128.511,20.9401,0.127343,0.232772,0.372111,0.282003
9/21/2022 11:30,10,0.143,97.1562,128.421,20.9589,0.138599,0.192885,0.391055,0.286181
9/21/2022 11:32,11,0.131,111.085,149.358,21.0843,0.146954,0.205819,0.440888,0.314131
9/21/2022 11:32,12,0.101,100.229,137.913,20.9226,0.15824,0.0578196,0.405165,0.278105
9/21/2022 11:33,13,0.09,80.994,114.703,20.8545,0.172251,-0.121857,0.401994,0.262904
9/21/2022 11:33,14,0.122,104.723,136.252,20.8343,0.130837,0.17981,0.344654,0.25841
9/21/2022 11:34,15,0.135,85.2834,109.557,19.7943,0.124581,-0.158179,0.0347705,0.0265727
9/21/2022 11:35,16,0.134,73.1204,94.6568,20.0804,0.128363,-0.0831939,0.119608,0.0903626
9/21/2022 14:40,1,0.097,120.126,159.695,20.7993,0.141406,0.249877,0.498133,0.438344
9/21/2022 14:40,2,0.124,130.404,172.315,20.8426,0.138449,0.43283,0.566052,0.448213
9/21/2022 14:41,3,0.042,143.212,187.761,22.439,0.134598,1.21396,1.19848,0.811426
9/21/2022 14:42,4,0.052,125.109,167.264,22.8223,0.144183,0.888084,0.933423,0.898626
9/21/2022 14:42,5,0.054,130.119,173.361,22.0274,0.142487,0.66624,0.786869,0.71777
9/21/2022 14:43,6,0.054,146.931,191.29,21.9121,0.131153,1.18081,1.20398,0.691527
9/21/2022 14:43,7,0.092,137.45,178.923,21.006,0.131087,0.865776,0.847967,0.485387
9/21/2022 14:44,8,0.13,123.844,163.512,20.6068,0.138045,0.366576,0.505976,0.394547
9/21/2022 14:44,9,0.169,95.7971,123.696,20.398,0.127106,0.841055,0.76483,0.347047
9/21/2022 14:45,10,0.138,99.4434,131.71,20.2023,0.139591,0.126638,0.366312,0.302527
9/21/2022 14:47,11,0.14,130.862,172.008,20.1978,0.135852,0.334877,0.422011,0.301496
9/21/2022 14:47,12,0.079,110.119,148.064,19.9157,0.146971,-0.452622,0.226912,0.237311
9/21/2022 14:48,13,0.082,93.3147,124.854,20.4176,0.144565,-0.0913447,0.360842,0.351498
9/21/2022 14:48,14,0.098,110.593,144.033,20.5109,0.13133,0.68019,0.643044,0.372733
9/21/2022 14:49,15,0.175,85.8226,113.359,19.0495,0.138246,-0.22822,0.0511986,0.0402301
9/21/2022 14:50,16,0.178,74.5812,97.4554,19.4731,0.132961,0.228823,0.217429,0.136601
9/22/2022 11:37,1,0.098,94.4087,117.462,21.1347,0.108808,0.669524,0.729781,0.510321
9/22/2022 11:38,2,0.112,109.597,140.035,21.5061,0.121931,0.701315,0.804221,0.6051
9/22/2022 11:38,3,0.079,146.671,188.363,22.6731,0.12444,1.29361,1.1841,0.902953
9/22/2022 11:39,4,0.049,128.969,169.898,22.9793,0.136948,1.41644,1.2065,0.981123
9/22/2022 11:39,5,0.047,131.123,171.89,22.705,0.134538,1.25778,1.13401,0.911109
9/22/2022 11:40,6,0.075,151.114,193.067,22.2932,0.121892,1.10894,1.07146,0.805996
9/22/2022 11:41,7,0.081,118.701,149.671,21.728,0.115399,0.879352,0.911536,0.661738
9/22/2022 11:42,8,0.119,98.0509,124.177,20.9175,0.117566,0.461121,0.619107,0.454877
9/22/2022 11:42,9,0.196,108.479,131.967,20.2862,0.0976856,0.435322,0.449007,0.293763
9/22/2022 11:44,10,0.176,112.829,141.999,20.3503,0.114468,0.233894,0.429417,0.310122
9/22/2022 11:45,11,0.142,107.615,140,21.1227,0.130788,0.361536,0.643505,0.507248
9/22/2022 11:45,12,0.117,85.1385,110.959,21.121,0.131673,0.344516,0.640045,0.506813
9/22/2022 11:46,13,0.099,66.4597,91.7087,21.1309,0.159634,-0.479969,0.56279,0.509345
9/22/2022 11:47,14,0.135,91.4393,118.431,21.186,0.12861,0.435013,0.671507,0.5234
9/22/2022 11:48,15,0.148,85.6766,107.121,19.7055,0.111228,-0.0112213,0.205249,0.145537
9/22/2022 11:48,16,0.176,80.9317,97.3559,19.5063,0.0921218,0.200509,0.149896,0.0946931
9/22/2022 13:04,1,0.113,100.955,133.943,21.7379,0.140435,0.326872,0.44244,0.319893
9/22/2022 13:04,2,0.111,124.813,166.066,21.8138,0.141821,0.359762,0.470306,0.339094
9/22/2022 13:05,3,0.067,144.887,188.648,23.6801,0.131203,1.12248,1.10223,0.81172
9/22/2022 13:06,4,0.076,127.175,172.737,24.1658,0.151917,1.39424,1.32331,0.934703
9/22/2022 13:06,5,0.052,128.089,173.754,23.8189,0.151287,1.24056,1.19739,0.846857
9/22/2022 13:07,6,0.072,147.623,190.709,23.4395,0.127349,1.01408,1.01179,0.750783
9/22/2022 13:07,7,0.103,137.266,177.22,21.8103,0.127046,0.349814,0.45551,0.338205
9/22/2022 13:08,8,0.126,112.704,147.301,21.7403,0.133064,0.324211,0.436801,0.320495
9/22/2022 13:08,9,0.288,97.4144,126.261,21.5566,0.128965,0.24702,0.37039,0.273973
9/22/2022 13:10,10,0.245,102.734,137.038,21.3845,0.143071,0.177642,0.320357,0.230398
9/22/2022 13:11,11,0.131,119.396,156.951,21.3852,0.135896,0.177351,0.316001,0.230559
9/22/2022 13:11,12,0.084,86.4988,119.864,21.1409,0.161681,0.0695131,0.243721,0.168691
9/22/2022 13:12,13,0.092,67.9336,104.919,21.1987,0.213971,0.0852705,0.297562,0.183348
9/22/2022 13:12,14,0.107,97.5184,132.445,21.1865,0.15188,0.0918124,0.255184,0.18026
9/22/2022 13:13,15,0.153,81.7344,107.414,20.5923,0.135764,-0.15351,0.0407985,0.0297751
9/22/2022 13:14,16,0.144,78.4936,100.394,20.5488,0.122424,-0.160019,0.0250313,0.0187533
9/22/2022 14:07,1,0.108,110.858,145.592,21.6501,0.135445,0.395688,0.502445,0.367638
9/22/2022 14:07,2,0.12,131.262,171.347,21.5581,0.132464,0.357035,0.467634,0.346175
9/22/2022 14:08,3,0.069,145.54,190.044,23.4949,0.132616,1.09482,1.07849,0.797901
9/22/2022 14:08,4,0.065,127.707,172.737,23.7059,0.149876,1.28439,1.22729,0.84709
9/22/2022 14:08,5,0.059,129.29,173.388,23.6342,0.145695,1.22625,1.18247,0.83037
9/22/2022 14:09,6,0.055,146.696,191.254,23.0772,0.131848,0.932399,0.943963,0.70046
9/22/2022 14:09,7,0.104,138.459,177.73,21.5947,0.124201,0.362457,0.464263,0.354708
9/22/2022 14:09,8,0.137,119.318,155.423,21.5873,0.131417,0.367028,0.474891,0.352977
9/22/2022 14:10,9,0.258,95.3979,122.438,21.314,0.124129,0.260451,0.378468,0.289237
9/22/2022 14:10,10,0.199,108.288,142.032,20.937,0.134805,0.119854,0.274454,0.201323
9/22/2022 14:11,11,0.14,126.774,170.038,20.9684,0.145762,0.128453,0.297191,0.20864
9/22/2022 14:11,12,0.105,95.9636,131.14,20.668,0.154892,-0.00605552,0.205065,0.13858
9/22/2022 14:11,13,0.111,76.6319,107.7,20.653,0.168544,-0.0320053,0.2122,0.135074
9/22/2022 14:12,14,0.111,102.69,138.234,20.8661,0.147531,0.0852385,0.265135,0.184786
9/22/2022 14:12,15,0.153,89.1074,114.69,20.3492,0.12553,-0.0920103,0.0844744,0.0642179
9/22/2022 14:12,16,0.183,79.4433,103.617,20.5068,0.132053,-0.0424723,0.136188,0.100977
9/23/2022 13:02,1,0.071,121.744,166.93,21.4828,0.156532,0.265842,0.542699,0.506766
9/23/2022 13:03,2,0.095,134.529,183.051,22.0953,0.152786,0.438689,0.666818,0.663518
9/23/2022 13:03,3,0.065,141.346,190.179,22.9953,0.147298,0.683757,0.823976,0.893859
9/23/2022 13:03,4,0.037,119.788,168.85,23.1989,0.169978,1.42243,1.32508,0.94597
9/23/2022 13:04,5,0.033,125.393,173.777,23.0856,0.161728,1.11974,1.08029,0.916969
9/23/2022 13:04,6,0.075,141.662,191.635,22.6986,0.149934,0.625465,0.785177,0.817915
9/23/2022 13:05,7,0.081,136.715,184.644,22.1684,0.149147,0.378793,0.646931,0.682238
9/23/2022 13:05,8,0.09,126.032,173.776,21.3993,0.159247,0.297562,0.545762,0.485396
9/23/2022 13:05,9,0.142,94.7619,133.423,20.4661,0.169427,0.135008,0.341066,0.246559
9/23/2022 13:06,10,0.13,108.951,156.014,20.4233,0.177621,0.334645,0.400044,0.235591
9/23/2022 13:06,11,0.102,134.847,183.518,21.7132,0.152878,0.275368,0.569386,0.565717
9/23/2022 13:07,12,0.061,120.764,169.986,21.6854,0.169293,0.697875,0.770408,0.55862
9/23/2022 13:07,13,0.053,101.333,148.807,21.3227,0.189791,1.15128,1.19471,0.465794
9/23/2022 13:07,14,0.061,126.643,175.092,21.4543,0.160568,0.35601,0.575546,0.499453
9/23/2022 13:08,15,0.145,105.458,149.026,19.6543,0.171198,-0.198978,0.0558723,0.0387725
9/23/2022 13:08,16,0.139,91.0315,127.095,19.8129,0.165334,-0.26754,0.100481,0.0793646
9/23/2022 15:02,1,0.083,129.074,173.535,20.4667,0.146926,0.39136,0.475499,0.413998
9/23/2022 15:02,2,0.097,136.64,181.511,20.9395,0.141035,0.482599,0.536254,0.538218
9/23/2022 15:03,3,0.071,139.217,186.045,21.8589,0.143969,0.808936,0.831802,0.779752
9/23/2022 15:03,4,0.049,123.062,168.284,22.2579,0.155216,1.37233,1.29428,0.884585
9/23/2022 15:03,5,0.039,124.904,169.392,21.7433,0.151166,0.960302,0.967068,0.749397
9/23/2022 15:04,6,0.075,139.621,185.416,21.2146,0.140892,0.56111,0.606304,0.610488
9/23/2022 15:04,7,0.078,139.167,185.543,20.9113,0.142823,0.493727,0.551024,0.530804
9/23/2022 15:04,8,0.092,129.338,174.067,20.2291,0.147423,0.311549,0.409065,0.351565
9/23/2022 15:05,9,0.169,115.529,156.659,19.4134,0.151111,0.00826033,0.176835,0.13725
9/23/2022 15:05,10,0.138,115.606,157.73,19.0406,0.154114,-0.177629,0.0554916,0.0393082
9/23/2022 15:05,11,0.118,135.354,182.128,20.1796,0.147328,0.293306,0.39294,0.338551
9/23/2022 15:06,12,0.052,121.31,167.298,20.1029,0.159344,0.375896,0.539445,0.318415
9/23/2022 15:06,13,0.061,101.541,141.02,20.4319,0.162757,0.689656,0.788901,0.404857
9/23/2022 15:06,14,0.08,126.737,171.526,20.5274,0.150167,0.449914,0.539115,0.429932
9/23/2022 15:07,15,0.17,111.031,149.672,19.1795,0.14822,-0.0670845,0.0900871,0.0758031
9/23/2022 15:07,16,0.158,95.0428,128.87,19.5988,0.151074,0.0839206,0.239345,0.185968
9/23/2022 16:02,1,0.079,124.53,168.406,23.1716,0.149781,0.442546,0.525854,0.439676
9/23/2022 16:02,2,0.102,134.314,180.019,23.4107,0.145404,0.477845,0.530987,0.504409
9/23/2022 16:03,3,0.066,140.291,186.466,24.323,0.141313,0.690775,0.711341,0.751421
9/23/2022 16:04,4,0.041,120.801,166.139,24.7508,0.158007,1.55184,1.39388,0.867231
9/23/2022 16:04,5,0.032,123.731,168.347,24.2919,0.152757,0.974414,0.979276,0.742999
9/23/2022 16:04,6,0.063,138.099,184.187,23.7088,0.143004,0.541184,0.577976,0.585117
9/23/2022 16:05,7,0.065,138.201,183.809,23.6181,0.141635,0.500413,0.534897,0.560552
9/23/2022 16:06,8,0.101,132.071,177.131,22.8013,0.145728,0.285518,0.360473,0.339393
9/23/2022 16:06,9,0.157,112.282,152.897,22.0721,0.153162,-0.00804641,0.189726,0.141952
9/23/2022 16:07,10,0.16,118.735,161.274,21.6445,0.151921,-0.175441,0.0335707,0.0262006
9/23/2022 16:08,11,0.116,136.722,182.676,22.7973,0.143877,0.278558,0.341847,0.33831
9/23/2022 16:08,12,0.057,120.523,165.651,22.982,0.157691,0.467233,0.616019,0.388335
9/23/2022 16:08,13,0.061,100.027,139.356,23.6125,0.164292,1.41793,1.21869,0.559038
9/23/2022 16:09,14,0.06,124.954,169.852,23.5029,0.152299,0.616658,0.686904,0.529353
9/23/2022 16:09,15,0.134,111.512,151.098,22.0928,0.150742,0.024144,0.181951,0.147582
9/23/2022 16:09,16,0.136,96.0225,130.238,22.3956,0.151222,0.143445,0.287446,0.229564
9/27/2022 12:23,1,0.085,92.5151,112.961,21.2793,0.0995036,0.29424,0.330197,0.232643
9/27/2022 12:24,2,0.093,100.275,124.52,21.5574,0.107857,0.405302,0.463922,0.344313
9/27/2022 12:24,3,0.059,150.588,190.574,22.7372,0.117204,1.05067,1.04325,0.818195
9/27/2022 12:24,4,0.046,127.963,167.286,23.0407,0.133185,1.12511,1.09791,0.940094
9/27/2022 12:25,5,0.044,129.565,171.132,22.6757,0.138235,0.872415,0.902703,0.793478
9/27/2022 12:25,6,0.074,148.281,189.519,22.4409,0.122077,0.840127,0.867214,0.699171
9/27/2022 12:26,7,0.099,111.918,142.522,21.619,0.12028,0.359175,0.46241,0.369064
9/27/2022 12:26,8,0.127,90.7907,110.468,21.1633,0.0977697,0.236103,0.266978,0.186016
9/27/2022 12:27,9,0.213,100.342,122.524,20.9666,0.0995305,0.106217,0.151898,0.107039
9/27/2022 12:27,10,0.179,106.605,133.822,21.2693,0.113205,0.19662,0.298336,0.228606
9/27/2022 12:28,11,0.134,108.816,139.373,21.8355,0.123117,0.470036,0.562338,0.456006
9/27/2022 12:28,12,0.128,83.3471,110.071,21.8744,0.138167,0.392781,0.536771,0.471657
9/27/2022 12:29,13,0.08,67.9037,93.0114,21.9728,0.156031,0.332466,0.532941,0.51117
9/27/2022 12:29,14,0.127,96.2242,119.513,22.1647,0.107952,0.769258,0.792121,0.588234
9/27/2022 12:30,15,0.182,88.0433,107.889,21.3644,0.101287,0.333408,0.374429,0.266814
9/27/2022 12:30,16,0.235,83.6699,101.294,20.9535,0.0952845,0.126694,0.148446,0.101768
9/27/2022 13:40,1,0.068,105.218,130.629,22.5363,0.107744,0.144059,0.255403,0.221257
9/27/2022 13:41,2,0.092,110.249,141.144,22.5634,0.122895,0.173384,0.271032,0.229172
9/27/2022 13:41,3,0.05,146.529,187.195,24.5613,0.121854,0.954628,0.960026,0.81312
9/27/2022 13:41,4,0.04,126.888,165.832,25.0412,0.13304,1.16444,1.14638,0.953394
9/27/2022 13:42,5,0.03,130.598,171.062,23.8928,0.134137,0.712848,0.744112,0.617726
9/27/2022 13:42,6,0.051,145.216,187.673,24.148,0.127541,0.802401,0.824996,0.692326
9/27/2022 13:42,7,0.087,124.818,159.669,22.6133,0.122505,0.192426,0.288079,0.243739
9/27/2022 13:43,8,0.125,104.411,129.457,22.4367,0.107096,0.104637,0.221555,0.192132
9/27/2022 13:43,9,0.203,100.06,127.058,22.2527,0.118873,0.0468923,0.162562,0.13835
9/27/2022 13:44,10,0.173,104.223,134.73,22.3011,0.127667,0.0762328,0.181766,0.152504
9/27/2022 13:45,11,0.142,114.069,149.66,22.5022,0.134953,0.164454,0.254851,0.21128
9/27/2022 13:45,12,0.133,96.808,127.908,22.3758,0.138398,0.118723,0.2115,0.174343
9/27/2022 13:46,13,0.1,78.9302,106.57,22.6195,0.149001,0.229187,0.303259,0.245576
9/27/2022 13:46,14,0.107,102.777,138.142,22.682,0.146794,0.251175,0.324585,0.263827
9/27/2022 13:47,15,0.242,88.7918,112.63,22.0391,0.118348,-0.0371747,0.089131,0.0759199
9/27/2022 13:47,16,0.156,88.9823,110.584,22.228,0.108241,0.0250484,0.1515,0.131142
9/27/2022 15:26,1,0.108,113.772,143.709,21.0324,0.116266,0.370005,0.419819,0.352112
9/27/2022 15:26,2,0.126,117.316,152.674,20.9947,0.130959,0.157982,0.386019,0.343006
9/27/2022 15:27,3,0.084,144.168,185.253,23.2412,0.124719,1.02625,1.02121,0.885794
9/27/2022 15:27,4,0.075,125.235,164.721,23.5815,0.136179,1.10227,1.06812,0.968021
9/27/2022 15:28,5,0.073,129.51,170.37,22.8362,0.136256,0.803341,0.869179,0.787951
9/27/2022 15:29,6,0.082,146.181,186.866,22.8514,0.12216,0.907119,0.921856,0.791616
9/27/2022 15:29,7,0.109,130.509,168.486,21.1952,0.127015,0.290018,0.447277,0.391453
9/27/2022 15:30,8,0.125,112.99,144.14,20.8962,0.121146,0.266747,0.373238,0.319222
9/27/2022 15:30,9,0.195,102.721,130.02,20.7245,0.117295,0.260841,0.32976,0.277728
9/27/2022 15:30,10,0.198,104.139,133.927,20.7638,0.125122,0.166094,0.330604,0.287218
9/27/2022 15:31,11,0.157,127.876,165.432,20.985,0.128042,0.200166,0.387712,0.340673
9/27/2022 15:31,12,0.135,109.713,146.142,20.9225,0.142381,-0.0917667,0.351096,0.32558
9/27/2022 15:32,13,0.106,86.0326,112.678,20.8551,0.134091,0.0506571,0.343949,0.309278
9/27/2022 15:32,14,0.139,111.454,144.546,21.2249,0.129267,0.26886,0.451533,0.398629
9/27/2022 15:33,15,0.187,93.4907,119.728,20.1517,0.123054,-0.0105104,0.1617,0.139346
9/27/2022 15:33,16,0.143,94.8979,118.158,20.0917,0.109174,0.171368,0.15323,0.12483
10/12/2022 12:31,1,0.035,104.545,129.158,24.5974,0.105318,0.437721,0.529059,0.418625
10/12/2022 12:31,2,0.058,113.172,143.378,24.7977,0.117742,0.428215,0.557496,0.504006
10/12/2022 12:31,3,0.046,147.719,187.632,25.7215,0.119018,0.974437,0.980361,0.897654
10/12/2022 12:32,4,0.029,128.973,167.478,25.8594,0.129885,0.92137,0.942965,0.956434
10/12/2022 12:32,5,0.014,131.385,169.464,25.5683,0.126572,0.790815,0.84572,0.832368
10/12/2022 12:32,6,0.04,151.085,191.588,25.6588,0.118198,0.946872,0.958992,0.870948
10/12/2022 12:33,7,0.07,109.015,136.454,24.8869,0.111782,0.548446,0.637705,0.542013
10/12/2022 12:33,8,0.093,103.072,127.038,24.5052,0.104151,0.391221,0.485898,0.379326
10/12/2022 12:34,9,0.194,102.101,125.573,20.6757,0.103095,0.513709,0.58621,0.452016
10/12/2022 12:34,10,0.183,103.34,131.25,20.7654,0.118975,0.395717,0.535644,0.490245
10/12/2022 12:35,11,0.068,102.397,130.52,24.8017,0.120743,0.399333,0.542989,0.505681
10/12/2022 12:35,12,0.072,85.5895,108.961,24.7798,0.120132,0.392472,0.536192,0.496377
10/12/2022 12:36,13,0.065,67.6225,90.4263,24.6854,0.144283,0.115141,0.398362,0.456123
10/12/2022 12:36,14,0.065,90.1502,110.204,25.237,0.100093,0.918701,0.929262,0.691213
10/12/2022 12:37,15,0.195,89.8161,107.799,20.9012,0.0909983,0.817507,0.828846,0.54809
10/12/2022 12:37,16,0.213,77.2388,89.9434,20.7317,0.0759925,0.914557,0.906332,0.475865
10/12/2022 13:03,1,0.071,100.799,128.298,20.276,0.120033,0.363579,0.485993,0.411136
10/12/2022 13:03,2,0.068,111.75,143.328,19.8837,0.123798,0.288756,0.391669,0.34186
10/12/2022 13:04,3,0.058,146.191,187.15,23.452,0.122874,1.14472,1.12212,0.972025
10/12/2022 13:04,4,0.049,126.786,167.375,23.3177,0.137981,0.973887,0.973593,0.948307
10/12/2022 13:04,5,0.053,129.268,169.987,22.7826,0.136068,0.70281,0.705148,0.677208
10/12/2022 13:05,6,0.059,147.311,189.709,22.8004,0.125803,0.961309,0.965971,0.85695
10/12/2022 13:05,7,0.072,115.759,148.167,19.7842,0.122791,0.258015,0.374616,0.324285
10/12/2022 13:06,8,0.102,91.7488,116.749,20.2739,0.119908,0.36238,0.486066,0.410764
10/12/2022 13:06,9,0.22,106.992,131.616,20.4741,0.103199,0.301072,0.614622,0.446127
10/12/2022 13:07,10,0.193,109.284,139.019,19.8066,0.119754,0.239941,0.388914,0.328235
10/12/2022 13:07,11,0.097,110.703,143.792,18.8689,0.13002,0.113452,0.177318,0.162641
10/12/2022 13:08,12,0.109,86.8413,114.111,18.3509,0.135702,0.0634581,0.0743107,0.0711721
10/12/2022 13:08,13,0.099,63.2309,86.5053,19.2014,0.155436,0.313855,0.20151,0.221373
10/12/2022 13:08,14,0.129,87.0974,113.933,19.9558,0.133492,0.354152,0.376418,0.354586
10/12/2022 13:09,15,0.188,88.4518,111.54,17.9812,0.115447,0.319514,0.492807,0.400774
10/12/2022 13:10,16,0.215,70.343,91.9157,17.5188,0.132952,0.423416,0.446587,0.418965
10/12/2022 15:13,1,0.079,107.636,137.475,20.2173,0.121739,0.344791,0.406687,0.344749
10/12/2022 15:13,2,0.085,105.067,134.377,20.3203,0.122411,0.248927,0.315772,0.268562
10/12/2022 15:14,3,0.068,146.809,186.819,21.5667,0.119923,1.12749,1.11354,0.935553
10/12/2022 15:14,4,0.062,126.786,164.717,21.4208,0.130121,1.03382,1.03285,0.9115
10/12/2022 15:14,5,0.056,127.887,167.366,21.8269,0.133713,0.722438,0.723031,0.648871
10/12/2022 15:14,6,0.071,146.529,187.777,20.859,0.123384,0.954655,0.958334,0.818929
10/12/2022 15:15,7,0.097,120.944,154.129,17.4553,0.120638,0.226017,0.306125,0.258103
10/12/2022 15:16,8,0.11,100.986,130.613,18.1094,0.127921,0.391229,0.418921,0.365875
10/12/2022 15:16,9,0.219,99.765,123.185,17.7475,0.105044,0.198881,0.393453,0.306252
10/12/2022 15:17,10,0.231,102.281,129.935,17.0954,0.119088,0.137166,0.23759,0.19879
10/12/2022 15:18,11,0.083,110.631,141.745,16.6124,0.123283,0.0627665,0.13958,0.119217
10/12/2022 15:18,12,0.1,86.2827,112.111,16.2434,0.130188,0.0390243,0.0661617,0.058407
10/12/2022 15:19,13,0.104,64.5914,86.9898,16.9157,0.147765,0.247695,0.177015,0.169188
10/12/2022 15:19,14,0.11,84.4356,107.444,17.4717,0.119911,0.225632,0.310442,0.260806
10/12/2022 15:20,15,0.191,89.8619,110.291,17.185,0.102067,0.0091175,0.278804,0.213565
10/12/2022 15:20,16,0.195,70.1355,88.8106,17.7881,0.117493,0.284018,0.376995,0.312932
10/13/2022 12:18,1,0.052,104.779,135.962,20.613,0.129529,0.541651,0.596152,0.383819
10/13/2022 12:18,2,0.049,115.059,149.877,21.2063,0.131419,0.682274,0.722842,0.465624
10/13/2022 12:19,3,0.036,146.237,187.993,24.2665,0.124931,1.42143,1.38034,0.887592
10/13/2022 12:19,4,0.024,127.881,171.012,24.571,0.144303,1.53904,1.43809,0.929589
10/13/2022 12:19,5,0.027,131.197,175.327,23.9456,0.143968,0.85034,0.878134,0.567577
10/13/2022 12:20,6,0.042,150.554,193.72,23.0456,0.125385,1.1315,1.1184,0.719247
10/13/2022 12:20,7,0.056,116.926,153.533,20.7995,0.135349,0.572754,0.63509,0.409533
10/13/2022 12:21,8,0.093,103.088,132.189,20.2288,0.123689,0.465668,0.514685,0.330845
10/13/2022 12:21,9,0.291,102.449,129.773,18.2735,0.11766,0.033973,0.0954103,0.0612305
10/13/2022 12:22,10,0.183,105.835,140.471,18.3013,0.140621,-0.0837917,0.100756,0.0650641
10/13/2022 12:22,11,0.074,103.728,140.973,19.2853,0.152204,0.111169,0.309907,0.200752
10/13/2022 12:23,12,0.085,87.0398,123.994,19.1671,0.17511,-0.0670831,0.282987,0.184443
10/13/2022 12:23,13,0.083,78.7291,109.319,19.3251,0.162668,0.0631328,0.317473,0.206232
10/13/2022 12:24,14,0.095,86.4519,118.902,19.6899,0.158021,0.193615,0.395408,0.256539
10/13/2022 12:24,15,0.18,89.5649,113.348,18.03,0.117209,-0.0195905,0.0430995,0.0276561
10/13/2022 12:25,16,0.192,79.8931,100.854,18.1403,0.115969,0.0117928,0.0668244,0.0428655
10/13/2022 14:43,1,0.06,120.722,158.258,19.3676,0.134544,0.377158,0.451404,0.33258
10/13/2022 14:44,2,0.067,129.574,168.97,19.3851,0.131958,0.406947,0.472621,0.335607
10/13/2022 14:44,3,0.048,144.809,185.21,22.959,0.122419,1.60384,1.55968,0.954071
10/13/2022 14:45,4,0.042,126.31,166.716,23.0148,0.137895,1.28649,1.24944,0.963726
10/13/2022 14:46,5,0.053,130.465,172.893,22.9237,0.139859,0.722986,0.760331,0.60187
10/13/2022 14:46,6,0.057,146.295,190.252,22.2974,0.130612,1.23036,1.20593,0.839577
10/13/2022 14:46,7,0.076,127.897,171.012,19.1211,0.144243,0.234603,0.346464,0.289922
10/13/2022 14:47,8,0.079,111.04,137.927,19.0265,0.107991,0.596647,0.590945,0.27355
10/13/2022 14:47,9,0.203,105.598,130.019,18.5785,0.103647,0.495387,0.468854,0.196027
10/13/2022 14:48,10,0.156,105.929,137.903,18.1031,0.131132,0.0608239,0.162158,0.113766
10/13/2022 14:49,11,0.061,110.028,143.162,18.0835,0.130867,0.0570833,0.157949,0.110381
10/13/2022 14:49,12,0.101,85.0032,114.388,17.9719,0.147373,-0.057588,0.10477,0.0910535
10/13/2022 14:50,13,0.087,71.5728,93.7511,17.9148,0.13415,-0.00811302,0.110799,0.0811827
10/13/2022 14:51,14,0.073,90.5205,121.091,17.9989,0.144464,-0.0381917,0.114096,0.095735
10/13/2022 14:51,15,0.162,86.3319,111.406,17.7354,0.126807,-0.0170827,0.0763113,0.0501336
10/13/2022 14:52,16,0.169,75.5045,96.4826,17.8318,0.121975,0.0419647,0.11006,0.0668207
10/13/2022 15:32,1,0.066,126.99,167.889,19.8348,0.138697,0.330639,0.401328,0.320708
10/13/2022 15:33,2,0.062,133.805,176.248,19.6749,0.136891,0.321202,0.383094,0.291669
10/13/2022 15:33,3,0.05,144.148,187.725,23.3934,0.131307,1.51886,1.50026,0.967011
10/13/2022 15:34,4,0.044,124.857,167.354,23.3445,0.145432,1.02271,1.01932,0.958143
10/13/2022 15:34,5,0.049,129.297,173.798,23.4998,0.146824,0.576667,0.64297,0.6231
10/13/2022 15:34,6,0.055,139.755,184.545,23.4806,0.138112,1.02028,1.01823,0.801228
10/13/2022 15:35,7,0.065,134.463,176.908,19.4792,0.136314,0.279686,0.341823,0.256124
10/13/2022 15:35,8,0.085,121.791,159.353,19.5729,0.133605,0.355091,0.394354,0.273136
10/13/2022 15:35,9,0.237,99.3952,129.125,19.0783,0.130099,0.280792,0.296001,0.183311
10/13/2022 15:37,10,0.164,102.668,134.641,18.55,0.134731,0.0539562,0.121996,0.0873706
10/13/2022 15:37,11,0.071,120.402,157.061,18.5167,0.132123,0.0814183,0.1229,0.0813131
10/13/2022 15:38,12,0.096,95.0893,128.122,18.5376,0.147988,-0.0917374,0.0856714,0.08511
10/13/2022 15:38,13,0.094,78.1046,101.074,18.5946,0.128192,0.168677,0.164777,0.0954718
10/13/2022 15:38,14,0.081,95.2684,127.59,18.6852,0.145031,-0.0314646,0.120127,0.111909
10/13/2022 15:39,15,0.162,85.6486,110.903,18.2098,0.128485,0.0441305,0.0436703,0.025571
10/13/2022 15:39,16,0.178,74.7088,95.6012,18.5378,0.122673,0.260757,0.183521,0.0851505
10/15/2022 12:51,1,0.064,105.772,136.095,20.0232,0.125368,0.397518,0.485307,0.33678
10/15/2022 12:51,2,0.082,111.107,144.71,20.7845,0.131356,0.608614,0.664366,0.441111
10/15/2022 12:52,3,0.047,147.486,189.643,24.1025,0.125047,1.33707,1.2879,0.89581
10/15/2022 12:52,4,0.034,130.999,173.77,24.2809,0.140339,1.56403,1.48678,0.920255
10/15/2022 12:52,5,0.031,128.955,172.838,24.1911,0.145406,1.07835,1.06789,0.633873
10/15/2022 12:53,6,0.03,146.421,189.998,24.5043,0.129533,1.00643,1.00551,0.676793
10/15/2022 12:53,7,0.052,116.105,150.063,19.9918,0.127581,0.400167,0.486867,0.332465
10/15/2022 12:53,8,0.071,114.556,146.497,19.548,0.122355,0.276606,0.383127,0.271654
10/15/2022 12:54,9,0.231,102.779,131.82,17.9731,0.12379,-0.0784862,0.0795407,0.0558261
10/15/2022 12:55,10,0.175,109.726,146.108,18.2785,0.142212,0.0283844,0.160239,0.0976776
10/15/2022 12:56,11,0.051,109.253,147.036,18.8098,0.147425,0.184533,0.292194,0.170483
10/15/2022 12:56,12,0.076,92.3543,126.975,18.6273,0.157848,0.171445,0.273833,0.145472
10/15/2022 12:56,13,0.064,71.3878,104.945,18.8166,0.190305,0.417224,0.464972,0.171415
10/15/2022 12:57,14,0.065,95.35,126.593,18.9727,0.140769,0.203778,0.312599,0.192812
10/15/2022 12:57,15,0.193,90.8977,116.789,17.9327,0.124666,-0.0866407,0.0720922,0.0502818
10/15/2022 12:57,16,0.246,78.8579,103.829,17.8694,0.136687,-0.0859515,0.0653012,0.0416133
10/15/2022 13:45,1,0.06,116.446,151.389,20.6287,0.130467,0.321807,0.443216,0.352814
10/15/2022 13:46,2,0.057,126.596,166.418,20.9341,0.135903,0.401755,0.514796,0.399357
10/15/2022 13:46,3,0.046,143.251,186.918,24.5642,0.132256,1.25269,1.20664,0.952473
10/15/2022 13:47,4,0.031,126.58,167.712,24.5001,0.139765,1.29638,1.23819,0.9427
10/15/2022 13:47,5,0.038,127.26,170.939,23.5553,0.146476,1.1073,1.08479,0.798751
10/15/2022 13:47,6,0.043,145.091,190.478,23.968,0.135253,1.13203,1.10724,0.861637
10/15/2022 13:48,7,0.067,126.145,166.557,21.0221,0.138063,0.427065,0.537669,0.412768
10/15/2022 13:48,8,0.097,122.09,157.343,20.4915,0.126159,0.28631,0.408706,0.33191
10/15/2022 13:49,9,0.253,97.7344,130.71,19.3622,0.144349,0.0117134,0.214773,0.159846
10/15/2022 13:49,10,0.159,113.973,149.689,19.4941,0.135461,0.0533705,0.231458,0.179936
10/15/2022 13:50,11,0.067,119.597,160.299,20.0471,0.145419,0.188355,0.356899,0.264199
10/15/2022 13:51,12,0.062,104.913,144.413,19.9744,0.158425,0.169694,0.365916,0.253123
10/15/2022 13:51,13,0.074,75.1066,100.934,19.3277,0.146714,-0.000185004,0.210195,0.154585
10/15/2022 13:51,14,0.072,97.8271,129.167,19.5749,0.138063,0.0711008,0.250424,0.19225
10/15/2022 13:52,15,0.143,84.0742,108.691,18.5344,0.127702,-0.16027,0.0417986,0.0337041
10/15/2022 13:53,16,0.152,77.2825,100.3,18.5213,0.129618,-0.167581,0.0396798,0.031712
10/15/2022 14:17,1,0.072,102.34,123.501,20.1176,0.0936967,0.903348,0.906915,0.281016
10/15/2022 14:18,2,0.08,119.103,152.666,20.1427,0.123496,0.176745,0.28548,0.284945
10/15/2022 14:18,3,0.052,149.523,188.138,24.1764,0.114362,1.18758,1.16495,0.916995
10/15/2022 14:19,4,0.04,129.579,168.009,24.1988,0.129136,0.786525,0.815776,0.920516
10/15/2022 14:19,5,0.04,130.229,169.26,22.2294,0.130325,0.454104,0.529397,0.611911
10/15/2022 14:19,6,0.044,149.048,188.736,22.915,0.117497,0.813521,0.836863,0.719351
10/15/2022 14:20,7,0.076,107.879,135.241,20.437,0.112546,0.370221,0.444245,0.331061
10/15/2022 14:20,8,0.082,111.567,136.582,20.0365,0.100804,0.525885,0.566045,0.268312
10/15/2022 14:20,9,0.316,110.688,135.062,19.3701,0.0991834,0.323296,0.375383,0.163886
10/15/2022 14:21,10,0.157,107.177,136.251,19.0561,0.119437,-0.000958246,0.126802,0.114676
10/15/2022 14:21,11,0.076,106.859,136.794,19.1143,0.122859,-0.00638596,0.125892,0.123803
10/15/2022 14:22,12,0.116,88.2649,112.697,18.991,0.121576,-0.0236075,0.109552,0.104489
10/15/2022 14:22,13,0.084,72.0244,90.407,19.0007,0.113171,0.0237251,0.139541,0.106004
10/15/2022 14:22,14,0.072,96.2036,115.338,19.244,0.0904506,0.61633,0.613591,0.144123
10/15/2022 14:23,15,0.15,84.4391,103.039,18.6011,0.0992098,0.023969,0.0992298,0.0433827
10/15/2022 14:23,16,0.324,79.447,95.3185,18.6401,0.090816,0.204062,0.203404,0.0494927
10/17/2022 10:51,1,0.065,104.66,132.88,19.9256,0.1188,0.472759,0.53512,0.318245
10/17/2022 10:51,2,0.088,105.102,131.279,20.8281,0.110743,0.837997,0.835749,0.443229
10/17/2022 10:52,3,0.031,147.176,186.95,24.0846,0.119039,1.56796,1.4988,0.894224
10/17/2022 10:52,4,0.026,129.136,168.95,24.4871,0.133563,1.47461,1.33296,0.949967
10/17/2022 10:52,5,0.02,129.278,169.978,22.0399,0.136005,0.75575,0.83456,0.611054
10/17/2022 10:52,6,0.028,145.433,185.334,22.6328,0.120634,1.16073,1.13751,0.693162
10/17/2022 10:53,7,0.056,119.758,155.637,20.4881,0.130284,0.425518,0.577058,0.396137
10/17/2022 10:53,8,0.063,116.414,147.401,19.7074,0.117456,0.437975,0.493199,0.288018
10/17/2022 10:54,9,0.276,105.887,131,17.9323,0.106014,0.174423,0.0856618,0.042193
10/17/2022 10:54,10,0.247,110.764,141.42,18.128,0.121563,-0.0532761,0.112345,0.0692939
10/17/2022 10:55,11,0.146,109.382,142.22,19.4727,0.130516,0.142957,0.371212,0.255517
10/17/2022 10:55,12,0.13,85.6164,113.59,19.3173,0.140426,-0.0918733,0.304876,0.233998
10/17/2022 10:56,13,0.154,63.8554,86.2929,19.3615,0.149435,-0.265208,0.286032,0.240124
10/17/2022 10:56,14,0.146,83.5109,106.816,19.6405,0.122446,0.334257,0.446845,0.278765
10/17/2022 10:57,15,0.201,82.8674,105.733,18.3636,0.121237,0.0155216,0.165943,0.101921
10/17/2022 10:57,16,0.355,81.1741,99.7199,18.371,0.102523,0.34386,0.221544,0.102943
10/17/2022 13:02,1,0.092,122.447,161.048,20.2788,0.136162,0.278066,0.460699,0.402544
10/17/2022 13:02,2,0.096,124.777,164.24,20.5814,0.136544,0.348644,0.51308,0.447221
10/17/2022 13:03,3,0.067,142.676,186.573,24.0535,0.133324,1.10614,1.07888,0.959757
10/17/2022 13:04,4,0.067,125.538,168.356,24.0524,0.145694,1.22253,1.16933,0.959599
10/17/2022 13:04,5,0.065,126.657,170.934,23.1885,0.148787,1.04659,1.03568,0.832064
10/17/2022 13:04,6,0.075,144.451,189.6,23.6831,0.135156,1.03922,1.02924,0.905087
10/17/2022 13:05,7,0.092,133.6,176.512,20.6289,0.138374,0.369798,0.527288,0.454224
10/17/2022 13:05,8,0.093,132.353,175.292,20.3194,0.139573,0.305612,0.47796,0.408537
10/17/2022 13:05,9,0.238,101.102,132.042,19.031,0.132707,-0.0176442,0.244506,0.218349
10/17/2022 13:06,10,0.169,92.5764,126.637,19.1735,0.155375,0.11484,0.312226,0.239377
10/17/2022 13:06,11,0.11,119.126,163.959,20.0047,0.158376,0.339022,0.482811,0.362086
10/17/2022 13:07,12,0.093,97.056,135.129,19.7134,0.163979,0.299088,0.443948,0.319077
10/17/2022 13:07,13,0.105,68.1102,99.1373,18.8395,0.185516,0.192912,0.317488,0.190075
10/17/2022 13:07,14,0.104,87.9401,122.025,19.3824,0.162338,0.204164,0.371252,0.270223
10/17/2022 13:08,15,0.197,79.1513,107.218,17.9435,0.150598,-0.205949,0.0728735,0.0578109
10/17/2022 13:08,16,0.19,76.8427,103.385,17.8625,0.147269,-0.235966,0.0564756,0.0458504
10/17/2022 14:26,1,0.068,120.919,164.123,20.3218,0.15157,0.310751,0.489616,0.426123
10/17/2022 14:26,2,0.083,130.996,174.815,20.4589,0.143287,0.267168,0.483664,0.44803
10/17/2022 14:27,3,0.068,139.116,184.645,23.7071,0.140626,1.03509,1.02435,0.967303
10/17/2022 14:27,4,0.059,122.859,168.81,23.6988,0.157548,1.21308,1.16395,0.96597
10/17/2022 14:27,5,0.059,125.138,172.54,22.3626,0.159238,0.896184,0.919218,0.75236
10/17/2022 14:28,6,0.069,141.067,189.755,23.1747,0.147174,0.972471,0.980155,0.882184
10/17/2022 14:28,7,0.072,133.994,178.601,20.4004,0.142698,0.247408,0.47154,0.438675
10/17/2022 14:28,8,0.087,130.558,176.479,20.3504,0.149563,0.298956,0.487275,0.430697
10/17/2022 14:29,9,0.193,100.746,137.396,19.1353,0.153899,0.0374158,0.276676,0.23644
10/17/2022 14:29,10,0.175,90.4929,127.473,18.8729,0.169661,0.116578,0.260012,0.194492
10/17/2022 14:30,11,0.084,125.609,173.695,19.4929,0.16066,0.189173,0.362988,0.293609
10/17/2022 14:30,12,0.101,104.736,148.09,19.3087,0.171478,0.245199,0.35904,0.264157
10/17/2022 14:30,13,0.084,75.4084,111.527,18.842,0.193214,0.338208,0.321936,0.189549
10/17/2022 14:31,14,0.105,95.5931,136.754,19.2957,0.177152,0.296962,0.375817,0.262083
10/17/2022 14:32,15,0.15,76.1128,107.268,18.0655,0.169894,-0.0873219,0.087635,0.0654143
10/17/2022 14:32,16,0.197,73.7115,104.701,18.0746,0.173695,-0.0502637,0.0927876,0.0668757
10/19/2022 12:43,1,0.057,99.7733,125.483,20.4733,0.114135,0.361351,0.422049,0.319123
10/19/2022 12:44,2,0.053,119.293,152.411,21.1933,0.12189,0.567333,0.606436,0.43405
10/19/2022 12:44,3,0.035,144.953,186.497,24.3205,0.12534,1.37002,1.33741,0.933213
10/19/2022 12:44,4,0.026,130.158,171.618,24.1894,0.137386,1.47416,1.43657,0.912282
10/19/2022 12:44,5,0.014,131.42,175.226,24.7683,0.142855,0.856146,0.866886,0.525822
10/19/2022 12:45,6,0.038,148.362,191.61,23.7724,0.127211,0.99693,0.997197,0.686106
10/19/2022 12:45,7,0.07,113.164,149.492,20.4988,0.13831,0.47128,0.512801,0.323184
10/19/2022 12:46,8,0.058,102.538,130.861,20.0698,0.121352,0.290069,0.354472,0.254703
10/19/2022 12:46,9,0.406,105.537,134.342,18.78,0.120082,-0.0265975,0.0673474,0.0488375
10/19/2022 12:46,10,0.292,106.638,139.137,18.7143,0.13223,-0.0276541,0.0579221,0.0383383
10/19/2022 12:47,11,0.07,91.7804,123.256,19.5419,0.146373,0.235098,0.289751,0.170444
10/19/2022 12:47,12,0.104,87.2215,117.836,19.721,0.149299,0.299253,0.347342,0.199029
10/19/2022 12:48,13,0.084,66.1688,96.0808,19.6235,0.184358,0.460409,0.469918,0.18347
10/19/2022 12:48,14,0.115,82.7072,113.66,19.8909,0.157628,0.390633,0.427008,0.226156
10/19/2022 12:49,15,0.244,78.6086,105.019,19.1717,0.143825,0.120187,0.185113,0.111348
10/19/2022 12:49,16,0.348,79.8149,102.157,18.7561,0.12278,-0.0291143,0.0633085,0.0450192
10/19/2022 14:56,1,0.053,113.262,150.829,18.9945,0.14225,0.153345,0.286349,0.250202
10/19/2022 14:56,2,0.07,131.421,174.686,19.6161,0.14134,0.310118,0.419024,0.368363
10/19/2022 14:57,3,0.034,143.063,188.149,23.7734,0.136123,1.07728,1.06475,0.968545
10/19/2022 14:57,4,0.027,127.206,173.036,23.7017,0.152643,1.20493,1.17468,0.954915
10/19/2022 14:58,5,0.025,130.314,177.585,23.5849,0.153528,0.905528,0.919391,0.742622
10/19/2022 14:58,6,0.038,145.714,193.114,23.1755,0.139895,0.956222,0.963186,0.854882
10/19/2022 14:58,7,0.071,116.351,158.506,19.2432,0.153371,0.259005,0.367859,0.297469
10/19/2022 14:58,8,0.088,113.347,153.331,18.9606,0.149933,0.169328,0.294116,0.243758
10/19/2022 14:59,9,0.257,105.581,139.664,18.4317,0.138977,0.000692819,0.160393,0.14322
10/19/2022 15:00,10,0.192,93.1752,131.788,18.5011,0.17164,0.11083,0.222916,0.156416
10/19/2022 15:00,11,0.11,106.881,151.707,18.7669,0.173346,0.200162,0.299167,0.20693
10/19/2022 15:01,12,0.082,95.5242,141.065,18.5008,0.192489,0.195007,0.269764,0.156357
10/19/2022 15:01,13,0.084,73.019,113.68,18.1275,0.217787,0.175342,0.197913,0.0853946
10/19/2022 15:02,14,0.099,85.993,125.266,18.6747,0.185901,0.225221,0.306395,0.189408
10/19/2022 15:02,15,0.173,74.0909,103.608,17.8548,0.166108,-0.100709,0.0456972,0.033545
10/19/2022 15:02,16,0.284,71.0977,97.4373,17.7254,0.156286,-0.154951,0.0113105,0.00895318
10/19/2022 16:18,1,0.062,117.743,154.638,20.0984,0.135452,0.124623,0.296602,0.260237
10/19/2022 16:18,2,0.065,135.099,176.258,20.9576,0.132193,0.3043,0.448649,0.414045
10/19/2022 16:19,3,0.038,141.728,184.077,23.7257,0.129984,0.941037,0.953676,0.909511
10/19/2022 16:19,4,0.026,125.883,167.956,23.8648,0.143183,1.25662,1.21425,0.934421
10/19/2022 16:19,5,0.032,128.939,172.762,22.8236,0.145252,1.01177,1.00994,0.748055
10/19/2022 16:19,6,0.048,145.294,188.947,23.0938,0.130606,0.800325,0.84275,0.796406
10/19/2022 16:20,7,0.059,138.953,180.021,20.2239,0.128751,0.0935743,0.291182,0.282703
10/19/2022 16:20,8,0.068,122.837,162.424,20.1478,0.138773,0.17131,0.32378,0.269084
10/19/2022 16:20,9,0.198,103.811,135.371,19.7957,0.13195,0.0179259,0.22246,0.206056
10/19/2022 16:21,10,0.188,97.4517,134.599,19.4054,0.160084,0.213968,0.255169,0.136204
10/19/2022 16:22,11,0.089,119.788,160.937,19.6139,0.146582,0.107972,0.240304,0.173531
10/19/2022 16:22,12,0.076,104.643,145.322,19.7475,0.162741,0.382044,0.397474,0.197432
10/19/2022 16:22,13,0.081,76.8258,104.962,19.4552,0.154774,0.156742,0.238738,0.145118
10/19/2022 16:23,14,0.083,86.624,117.605,19.8472,0.151699,0.240849,0.33083,0.215287
10/19/2022 16:23,15,0.169,68.3061,97.7305,18.833,0.177217,0.289206,0.114475,0.0337434
10/19/2022 16:23,16,0.236,65.9316,88.7773,19.1563,0.147668,-0.0150768,0.129596,0.0916215
10/21/2022 7:30,1,0.054,89.066,112.215,20.7838,0.115008,0.536488,0.56171,0.37531
10/21/2022 7:31,2,0.06,117.183,149.687,21.9078,0.121799,0.774782,0.811259,0.535643
10/21/2022 7:31,3,0.021,147.185,186.586,24.3406,0.118048,1.3654,1.32804,0.882648
10/21/2022 7:31,4,0.01,128.222,167.77,24.6832,0.133613,1.68375,1.44079,0.931513
10/21/2022 7:32,5,0.018,130.641,171.901,24.1363,0.136379,0.804878,0.883277,0.568224
10/21/2022 7:32,6,0.029,148.623,190.012,24.6545,0.122223,0.967874,0.973296,0.64215
10/21/2022 7:32,7,0.045,111.878,144.925,21.3422,0.128686,0.583522,0.69751,0.454955
10/21/2022 7:33,8,0.059,110.388,140.372,20.1977,0.119572,0.359078,0.440094,0.291717
10/21/2022 7:33,9,0.375,105.224,129.064,18.5511,0.101754,0.201592,0.0831559,0.0568422
10/21/2022 7:33,10,0.234,104.452,133.075,19.02,0.120505,0.0532185,0.186966,0.123728
10/21/2022 7:34,11,0.125,94.5714,120.627,20.3988,0.121079,0.393371,0.484633,0.32039
10/21/2022 7:35,12,0.161,82.955,111.112,20.3954,0.145089,-0.102369,0.505247,0.319916
10/21/2022 7:35,13,0.183,64.7957,91.288,20.2262,0.169732,0.295778,0.489259,0.295778
10/21/2022 7:36,14,0.171,91.8339,121.749,20.5336,0.140062,0.125251,0.53147,0.339626
10/21/2022 7:36,15,0.263,74.328,97.5485,19.3553,0.1351,-0.184274,0.266051,0.171549
10/21/2022 7:37,16,0.366,76.2206,96.4302,18.8459,0.117055,0.0678382,0.148528,0.0988864
10/21/2022 9:32,1,0.089,114.821,152.038,18.4041,0.139464,0.265715,0.327714,0.26864
10/21/2022 9:32,2,0.079,132.053,172.18,18.5471,0.131895,0.273585,0.34247,0.292965
10/21/2022 9:33,3,0.078,143.465,186.318,22.4278,0.129942,1.11278,1.1018,0.952681
10/21/2022 9:33,4,0.074,125.626,167.938,22.3062,0.144134,1.18252,1.16836,0.932009
10/21/2022 9:34,5,0.072,129.019,174.445,20.4989,0.149689,0.795734,0.8098,0.62476
10/21/2022 9:34,6,0.083,145.701,192.257,21.3104,0.137755,0.913908,0.921386,0.762723
10/21/2022 9:34,7,0.088,131.164,172.928,18.7921,0.137342,0.346081,0.403258,0.334603
10/21/2022 9:35,8,0.09,127.586,168.802,18.1789,0.139062,0.213508,0.280367,0.230359
10/21/2022 9:35,9,0.324,108.198,139.047,17.7211,0.124767,0.075562,0.171568,0.152536
10/21/2022 9:35,10,0.244,93.8811,127.015,17.6442,0.149997,0.121018,0.181112,0.139465
10/21/2022 9:36,11,0.118,95.0722,126.332,17.4602,0.14119,0.0559347,0.133288,0.108176
10/21/2022 9:36,12,0.114,90.5228,135.512,17.1912,0.199035,0.15437,0.115921,0.0624476
10/21/2022 9:36,13,0.131,67.6478,104.724,16.947,0.215093,0.137875,0.0452241,0.0209367
10/21/2022 9:37,14,0.141,91.0021,131.278,17.3733,0.181193,0.14506,0.149965,0.0934104
10/21/2022 9:37,15,0.237,68.8777,94.3659,16.9385,0.156136,-0.0336656,0.0262952,0.019487
10/21/2022 9:38,16,0.323,64.253,88.7774,17.0004,0.160259,-0.00947428,0.0415892,0.0300123
10/21/2022 12:10,1,0.09,122.788,165.533,20.8937,0.148253,0.246134,0.396907,0.370615
10/21/2022 12:11,2,0.087,134.164,178.488,21.0957,0.141767,0.253487,0.415811,0.406322
10/21/2022 12:11,3,0.037,137.225,184.24,24.2533,0.146251,1.02287,1.01817,0.964369
10/21/2022 12:11,4,0.032,124.076,170.167,24.2915,0.156642,1.12915,1.10656,0.971114
10/21/2022 12:12,5,0.046,127.792,175.693,22.7779,0.157837,0.769756,0.809137,0.703623
10/21/2022 12:12,6,0.048,137.226,185.663,23.5181,0.15001,0.882025,0.905029,0.834432
10/21/2022 12:12,7,0.079,134.304,180.534,21.5272,0.146839,0.386508,0.511622,0.482573
10/21/2022 12:12,8,0.089,130.671,176.59,20.9506,0.149445,0.267095,0.411195,0.380674
10/21/2022 12:13,9,0.27,106.604,145.249,19.1643,0.153444,0.103079,0.268852,0.241699
10/21/2022 12:13,10,0.203,92.1569,133.522,19.9651,0.183293,0.243695,0.295352,0.206505
10/21/2022 12:14,11,0.109,113.026,159.52,19.987,0.170593,0.163593,0.268258,0.210367
10/21/2022 12:14,12,0.112,105.093,152.555,19.8018,0.184214,0.205772,0.256315,0.17763
10/21/2022 12:14,13,0.133,80.8548,121.61,19.463,0.201294,0.234777,0.203503,0.117762
10/21/2022 12:14,14,0.153,102.679,147.139,19.9611,0.177972,0.205612,0.280058,0.205787
10/21/2022 12:15,15,0.21,66.9617,99.4046,18.8465,0.195009,0.012144,0.0141842,0.00880484
10/21/2022 12:15,16,0.265,57.7279,84.5929,19.1067,0.188763,0.0451342,0.0826843,0.0547833
10/25/2022 10:34,1,0.067,101.489,130.646,21.4925,0.125603,0.312212,0.464501,0.300716
10/25/2022 10:34,2,0.073,115.717,146.509,22.2801,0.117426,0.50648,0.59359,0.425757
10/25/2022 10:34,3,0.032,146.246,187.135,24.9875,0.122651,1.34176,1.272,0.855576
10/25/2022 10:35,4,0.021,128.957,169.168,25.6227,0.134881,1.95683,1.68342,0.956413
10/25/2022 10:35,5,0.028,133.827,176.402,23.8337,0.137238,1.32666,1.22701,0.672403
10/25/2022 10:35,6,0.028,145.131,187.306,24.3518,0.126864,1.24052,1.18539,0.754649
10/25/2022 10:36,7,0.052,136.225,173.561,22.2101,0.120521,0.50496,0.600225,0.414644
10/25/2022 10:36,8,0.068,121.575,155.086,21.3101,0.121128,0.249487,0.396367,0.271761
10/25/2022 10:36,9,0.34,105.796,133.897,18.4997,0.11724,0.0284898,0.199072,0.143103
10/25/2022 10:37,10,0.291,101.533,130.711,18.8487,0.125632,0.109383,0.306739,0.198506
10/25/2022 10:38,11,0.076,101.688,133.743,21.8378,0.136157,0.485849,0.638053,0.355542
10/25/2022 10:38,12,0.076,87.8742,117.501,21.6879,0.144256,0.490012,0.679713,0.33173
10/25/2022 10:38,13,0.084,70.9091,94.3747,21.4858,0.141972,0.371323,0.590391,0.299656
10/25/2022 10:39,14,0.117,82.0022,109.333,21.7202,0.14284,0.492168,0.673558,0.33687
10/25/2022 10:39,15,0.206,77.0964,100.134,20.6819,0.129987,0.0430734,0.282048,0.172033
10/25/2022 10:40,16,0.219,73.6414,97.0893,20.4211,0.137339,-0.0967816,0.238735,0.130621
10/25/2022 13:07,1,0.069,121.852,163.931,19.3002,0.14724,0.270975,0.388113,0.34302
10/25/2022 13:08,2,0.058,135.88,180.88,19.7073,0.142065,0.314066,0.444107,0.41044
10/25/2022 13:08,3,0.047,137.012,182.638,22.9512,0.142738,1.03841,1.03127,0.947674
10/25/2022 13:08,4,0.043,124.459,169.851,23.0723,0.154231,1.18909,1.16693,0.967714
10/25/2022 13:08,5,0.037,129.288,176.697,21.5967,0.154938,0.862666,0.878109,0.723356
10/25/2022 13:09,6,0.05,143.458,190.375,22.4938,0.140541,0.914588,0.931466,0.87192
10/25/2022 13:09,7,0.056,138.492,184.969,19.7378,0.143684,0.335694,0.455808,0.415493
10/25/2022 13:09,8,0.068,133.491,178.365,19.1311,0.143895,0.203042,0.346221,0.315031
10/25/2022 13:10,9,0.247,108.541,146.769,18.5623,0.149732,0.128387,0.255468,0.220821
10/25/2022 13:10,10,0.283,95.1905,133.861,18.2206,0.168829,0.225763,0.229576,0.164239
10/25/2022 13:10,11,0.08,122.771,167.508,17.9433,0.154117,0.0278726,0.14251,0.118308
10/25/2022 13:11,12,0.08,102.176,145.489,17.6297,0.174882,0.144543,0.0993446,0.0663809
10/25/2022 13:11,13,0.084,77.4324,111.923,17.389,0.182148,0.156365,0.0433573,0.0265133
10/25/2022 13:11,14,0.115,94.532,132.587,17.7304,0.167557,0.100006,0.114505,0.083054
10/25/2022 13:11,15,0.299,69.0137,98.5818,17.4312,0.176425,0.112234,0.0510713,0.0335103
10/25/2022 13:12,16,0.282,64.9981,90.9091,17.5296,0.166195,0.0410577,0.067662,0.0497958
10/25/2022 18:28,1,0.055,128.323,172.667,19.4796,0.147326,0.568449,0.658958,0.574444
10/25/2022 18:28,2,0.046,134.945,180.177,20.0143,0.143539,0.608991,0.715358,0.67529
10/25/2022 18:29,3,0.028,136.912,182.011,24.6136,0.141412,0.988845,0.992225,0.976895
10/25/2022 18:29,4,0.027,122.815,165.813,24.5568,0.148974,1.1825,1.14979,0.966178
10/25/2022 18:29,5,0.021,127.23,172.553,24.5268,0.151186,0.962088,0.967192,0.771929
10/25/2022 18:29,6,0.036,142.483,188.547,24.2388,0.139156,0.822855,0.881879,0.906211
10/25/2022 18:30,7,0.043,137.771,182.867,19.6167,0.140645,0.418425,0.600786,0.600296
10/25/2022 18:30,8,0.056,133.865,178.299,18.9564,0.142343,0.284885,0.492107,0.475771
10/25/2022 18:30,9,0.213,114.623,154.186,17.6355,0.147178,0.0594401,0.259168,0.226658
10/25/2022 18:31,10,0.242,97.8569,133.214,17.4898,0.153014,0.184297,0.260967,0.199181
10/25/2022 18:31,11,0.051,123.943,167.545,17.4946,0.149583,0.0889001,0.241448,0.200086
10/25/2022 18:31,12,0.059,117.721,163.59,17.7714,0.163053,0.54106,0.441272,0.252298
10/25/2022 18:31,13,0.064,90.3214,124.798,17.2039,0.160268,0.309718,0.232476,0.145269
10/25/2022 18:32,14,0.068,108.067,145.543,17.4436,0.147773,0.0237514,0.220647,0.190466
10/25/2022 18:32,15,0.241,70.6716,97.3467,16.6494,0.158763,0.117034,0.0622603,0.0406917
10/25/2022 18:32,16,0.28,67.4441,91.4516,16.4802,0.151089,-0.145584,0.0109831,0.008786
10/28/2022 7:14,1,0.05,101.375,125.398,21.2563,0.105932,0.267355,0.267355,0.267355
10/28/2022 7:14,2,0.055,106.718,132.132,21.7996,0.106404,0.379611,0.379611,0.379611
10/28/2022 7:15,3,0.026,146.251,186.005,24.0701,0.119648,1.89564,1.81686,0.848764
10/28/2022 7:15,4,0.017,126.908,166.194,24.5261,0.134033,1.00451,1.00391,0.942991
10/28/2022 7:15,5,0.021,131.656,172.638,23.8477,0.13468,0.561937,0.62067,0.596183
10/28/2022 7:16,6,0.032,148.985,189.764,23.2686,0.120383,1.43036,1.39061,0.68316
10/28/2022 7:16,7,0.064,108.23,144.588,21.4459,0.14381,0.115455,0.243233,0.306534
10/28/2022 7:16,8,0.056,107.985,135.328,21.0378,0.112381,0.972135,0.971976,0.222219
10/28/2022 7:17,9,0.158,80.8351,101.711,20.3143,0.11436,0.220492,0.247679,0.0727124
10/28/2022 7:18,10,0.163,94.8337,118.761,20.3116,0.112023,0.342946,0.332667,0.0721478
10/28/2022 7:18,11,0.066,116.602,150.055,20.9093,0.125451,0.207169,0.297522,0.195659
10/28/2022 7:19,12,0.073,94.2414,120.591,20.5085,0.122654,0.106904,0.19944,0.112845
10/28/2022 7:19,13,0.077,71.1374,95.9535,20.7864,0.148519,-0.0325789,0.120338,0.170253
10/28/2022 7:19,14,0.104,85.6409,104.833,20.9943,0.100762,-3.37401,-1.39577,0.213225
10/28/2022 7:20,15,0.144,77.8241,97.0137,20.4147,0.109756,0.691905,0.655974,0.0934608
10/28/2022 7:20,16,0.145,69.2055,88.1171,20.4328,0.120209,0.119741,0.200166,0.0971952
10/28/2022 9:59,1,0.048,127.656,166.222,21.7591,0.131232,0.244794,0.334031,0.268514
10/28/2022 10:00,2,0.055,126.509,167.855,21.5924,0.140458,0.240474,0.309208,0.236865
10/28/2022 10:00,3,0.036,144.22,188.796,25.2417,0.133855,1.19376,1.17234,0.929792
10/28/2022 10:00,4,0.03,126.26,170.747,25.5027,0.149786,1.36754,1.34564,0.979349
10/28/2022 10:01,5,0.025,129.392,174.479,24.3421,0.148374,1.03699,1.03461,0.75897
10/28/2022 10:01,6,0.037,145.926,192.063,24.7874,0.136506,1.08732,1.07835,0.843528
10/28/2022 10:02,7,0.061,128.708,168.887,21.6934,0.135014,0.243765,0.324788,0.256048
10/28/2022 10:02,8,0.058,130.05,171.14,22.0165,0.136425,0.337374,0.405571,0.317388
10/28/2022 10:02,9,0.094,87.9949,111.715,21.0712,0.118775,0.0113887,0.16129,0.137892
10/28/2022 10:03,10,0.105,89.5164,117.435,20.8567,0.134904,0.0176065,0.123182,0.0971664
10/28/2022 10:03,11,0.059,128.592,174.187,21.0694,0.150591,0.141097,0.189873,0.137562
10/28/2022 10:04,12,0.056,112.434,155.919,20.8277,0.162045,0.123264,0.13528,0.0916568
10/28/2022 10:04,13,0.062,85.156,120.414,20.7655,0.171512,0.147772,0.12503,0.0798598
10/28/2022 10:04,14,0.075,93.3039,126.707,21.115,0.151825,0.15916,0.203234,0.146214
10/28/2022 10:05,15,0.089,77.1822,106.476,20.5077,0.159502,0.0216559,0.0449187,0.0309024
10/28/2022 10:05,16,0.14,70.5418,96.5564,20.4756,0.155684,-0.00320693,0.0352559,0.0248065
10/28/2022 11:28,1,0.048,134.894,171.91,19.3414,0.120652,0.31409,0.380557,0.283644
10/28/2022 11:28,2,0.047,133.94,170.09,19.6482,0.118902,0.403729,0.461023,0.34463
10/28/2022 11:29,3,0.036,144.301,182.882,22.7102,0.117919,1.30193,1.27306,0.953222
10/28/2022 11:29,4,0.025,125.816,165.325,22.8654,0.135706,1.39584,1.35462,0.984069
10/28/2022 11:29,5,0.015,127.537,168.191,22.5588,0.137474,1.00021,1.00019,0.724373
10/28/2022 11:30,6,0.035,144.528,183.543,22.1345,0.118923,1.1351,1.12212,0.83879
10/28/2022 11:30,7,0.054,132.468,171.434,19.5711,0.128217,0.385789,0.447509,0.329298
10/28/2022 11:30,8,0.053,132.583,171.679,19.5953,0.128495,0.393207,0.454263,0.33411
10/28/2022 11:31,9,0.17,82.2703,101.109,18.6148,0.10273,0.101556,0.18131,0.139214
10/28/2022 11:31,10,0.175,98.3303,123.217,18.5702,0.11233,0.0875637,0.172481,0.130357
10/28/2022 11:32,11,0.082,99.1692,128.223,18.5531,0.12777,0.0801729,0.172406,0.126961
10/28/2022 11:32,12,0.118,77.6652,106.614,18.4299,0.157094,0.0354822,0.146456,0.102464
10/28/2022 11:33,13,0.106,62.869,89.2233,18.3048,0.173278,-0.0110341,0.114234,0.0776014
10/28/2022 11:33,14,0.102,82.2637,107.825,18.523,0.134469,0.0698939,0.166177,0.120977
10/28/2022 11:34,15,0.183,76.1765,96.0132,17.9874,0.115203,-0.0829095,0.0192948,0.014513
10/28/2022 11:34,16,0.239,67.6917,86.0243,18.0803,0.119262,-0.057663,0.0441433,0.0329786
